{
    "loss": [
        0.015579127706587315,
        0.008880749344825745,
        0.00843439344316721,
        0.008199437521398067,
        0.008061161264777184,
        0.007966622710227966,
        0.007979909889400005,
        0.007990224286913872,
        0.007984532974660397,
        0.007956692017614841
    ],
    "mae": [
        0.09198609739542007,
        0.0752735584974289,
        0.07345990091562271,
        0.07251916825771332,
        0.07183778285980225,
        0.07132790982723236,
        0.071376733481884,
        0.07144283503293991,
        0.07144005596637726,
        0.07133025676012039
    ],
    "val_loss": [
        0.008133173920214176,
        0.007770292926579714,
        0.007726468611508608,
        0.008208041079342365,
        0.007732275407761335,
        0.007654436863958836,
        0.007922445423901081,
        0.007827861234545708,
        0.007843568921089172,
        0.007709666155278683
    ],
    "val_mae": [
        0.07216954976320267,
        0.07060384005308151,
        0.07039019465446472,
        0.07237140834331512,
        0.0704319030046463,
        0.06993528455495834,
        0.07110296189785004,
        0.07074172794818878,
        0.07076790183782578,
        0.07025400549173355
    ]
}